{
    "train_loss": 0.35213111826153687,
    "valid_loss": 0.4850409779999707,
    "lr": 0.00024471741852423234,
    "step": 99
}
