{
    "train_loss": 0.6343167902425279,
    "valid_loss": 0.8715895688211596,
    "lr": 0.00024471741852423234,
    "step": 99
}
